a,b,freq_a,freq_b,p_logistic,p_boosting
taiin,ytaiin,44,34,0.9887,0.8859
dchedy,dshedy,26,30,0.9885,0.8908
sain,sar,59,66,0.9874,0.8553
oaiin,qoaiin,23,22,0.9864,0.8355
dchol,kchor,21,20,0.9851,0.8177
sal,sar,40,66,0.9824,0.8629
chodaiin,odaiin,45,57,0.98,0.7219
sain,sor,59,47,0.9788,0.5409
ykaiin,ytaiin,41,34,0.9771,0.8486
sol,sor,59,47,0.9769,0.5815
dshedy,tchedy,30,30,0.975,0.9297
oraiin,ytaiin,28,34,0.9727,0.5106
dchol,dchor,21,24,0.97,0.5985
ykeedy,yteedy,27,25,0.9686,0.833
sain,sair,59,24,0.9668,0.7119
dchol,otchol,21,29,0.966,0.8837
okeey,qokeey,154,298,0.9646,0.8919
odaiin,shodaiin,57,22,0.9622,0.9318
kchor,otchol,20,29,0.9573,0.36
dchor,otchol,24,29,0.9562,0.6782
shodaiin,ytaiin,22,34,0.9562,0.6239
saiin,sain,117,59,0.9557,0.8712
qotor,tor,25,22,0.9552,0.527
dchor,dor,24,62,0.9474,0.8319
okaiin,otaiin,200,137,0.9455,0.7912
dchor,qotor,24,25,0.9433,0.5511
okeedy,olkeedy,99,41,0.943,0.6483
okeedy,oteedy,99,86,0.942,0.832
odaiin,ytaiin,57,34,0.94,0.7492
oaiin,ykaiin,23,41,0.934,0.8071
cthol,cthor,52,41,0.9321,0.7618
ykar,ytar,32,21,0.9311,0.7167
oaiin,tor,23,22,0.9278,0.5003
tol,tor,38,22,0.9276,0.4775
chodaiin,shodaiin,45,22,0.9274,0.8884
sor,tar,47,40,0.9236,0.6356
qotor,sor,25,47,0.9235,0.5539
saiin,ykaiin,117,41,0.9176,0.4826
sain,tar,59,40,0.9146,0.0832
tar,ytar,40,21,0.9136,0.876
sain,tor,59,22,0.9134,0.2302
dain,dair,202,83,0.9114,0.8893
oteedy,qoteedy,86,73,0.9107,0.5456
sar,sor,66,47,0.9043,0.4186
dain,dar,202,277,0.9028,0.6102
qokchy,qotchy,62,59,0.8979,0.6969
oaiin,sain,23,59,0.8972,0.6811
shodaiin,shody,22,52,0.8968,0.4646
odaiin,oraiin,57,28,0.8946,0.5617
sain,sal,59,40,0.8933,0.4047
okaiin,qokaiin,200,262,0.8919,0.4162
otor,qotor,32,25,0.8878,0.8711
dam,otam,74,42,0.8869,0.8869
okam,qokam,26,25,0.8849,0.0339
cthol,cthy,52,101,0.882,0.6507
dchor,kchor,24,20,0.8819,0.7494
dor,qotor,62,25,0.8799,0.3893
sair,sor,24,47,0.8788,0.7998
odaiin,okaiin,57,200,0.8763,0.6663
dain,saiin,202,117,0.8742,0.7391
qokedy,qokeedy,266,295,0.8686,0.9175
oraiin,shodaiin,28,22,0.865,0.8835
dchor,sor,24,47,0.8622,0.5805
kchor,qotor,20,25,0.8606,0.3428
dair,sain,83,59,0.8562,0.4523
chodaiin,ytaiin,45,34,0.8504,0.3458
qokchedy,qopchedy,38,31,0.8484,0.703
qokeedy,qoteedy,295,73,0.8475,0.9021
qoteedy,yteedy,73,25,0.8469,0.7909
oaiin,sair,23,24,0.8412,0.3599
dchedy,tchedy,26,30,0.8395,0.7334
okeey,oteey,154,97,0.8392,0.6251
sair,tar,24,40,0.8366,0.5827
otol,qotol,62,43,0.8335,0.5601
lol,sal,35,40,0.8317,0.4186
dal,dy,203,236,0.8304,0.2417
sain,sol,59,59,0.8272,0.188
oaiin,oraiin,23,28,0.8252,0.6563
dor,kchor,62,20,0.8247,0.6216
tar,tor,40,22,0.8237,0.1656
taiin,ykaiin,44,41,0.823,0.431
lor,tar,38,40,0.8197,0.622
sal,taiin,40,44,0.8177,0.6078
otchol,qotol,29,43,0.8127,0.5666
sair,tor,24,22,0.8095,0.4215
dchor,tol,24,38,0.809,0.0916
okain,otain,132,92,0.8061,0.0736
okeedy,qokeedy,99,295,0.805,0.5541
lor,sar,38,66,0.8047,0.5975
sor,tor,47,22,0.8039,0.7339
dor,sol,62,59,0.8038,0.433
oaiin,ytaiin,23,34,0.8009,0.7088
choky,oky,35,87,0.7999,0.5273
otedy,qotedy,133,85,0.794,0.0927
otchol,qotor,29,25,0.7878,0.1838
dain,dor,202,62,0.7865,0.1462
otchol,tol,29,38,0.781,0.2344
lchedy,lchey,111,49,0.7795,0.809
qokedy,qoteedy,266,73,0.7789,0.9517
am,oly,62,55,0.7788,0.4762
chodaiin,oraiin,45,28,0.777,0.5434
cthy,dam,101,74,0.7734,0.0962
oaiin,saiin,23,117,0.7731,0.6475
odaiin,otaiin,57,137,0.7705,0.1644
saiin,sar,117,66,0.7705,0.2795
odaiin,ykaiin,57,41,0.7677,0.6717
kchy,ky,33,30,0.7676,0.5948
otchy,qotchy,41,59,0.7652,0.7328
okedy,qokedy,104,266,0.765,0.5881
shodaiin,taiin,22,44,0.7611,0.2524
oraiin,taiin,28,44,0.7601,0.7962
okeedy,qoteedy,99,73,0.7576,0.7757
qoaiin,ykaiin,22,41,0.7567,0.7164
dol,dor,103,62,0.7546,0.196
okchedy,olchedy,21,34,0.7546,0.1463
otaiin,qotaiin,137,75,0.7512,0.0457
sheody,shody,44,52,0.7509,0.8296
sal,tar,40,40,0.7507,0.4202
am,okam,62,26,0.7475,0.1869
dain,sal,202,40,0.7456,0.1825
olkeey,ykeey,38,50,0.7452,0.3441
dchedy,yteedy,26,25,0.7437,0.8384
dchor,tor,24,22,0.7406,0.2462
sal,sol,40,59,0.7368,0.1798
ldy,qokam,21,25,0.7356,0.1525
dair,sar,83,66,0.7329,0.612
oiin,olaiin,29,41,0.7311,0.2113
dair,saiin,83,117,0.7291,0.1322
sar,tar,66,40,0.7217,0.6714
lchedy,olchedy,111,34,0.7211,0.0491
qotaiin,ytaiin,75,34,0.7202,0.5731
shol,shor,172,91,0.7198,0.7784
dshedy,pchedy,30,34,0.7154,0.4461
oty,qoty,96,85,0.7153,0.1343
dor,sain,62,59,0.7147,0.1242
otchol,otol,29,62,0.7112,0.4198
saiin,sor,117,47,0.7112,0.0716
sain,taiin,59,44,0.7109,0.4167
sal,sor,40,47,0.7103,0.2801
sho,shor,118,91,0.7089,0.0943
daiin,dain,790,202,0.7059,0.8625
tar,ykar,40,32,0.7057,0.2023
oaiin,taiin,23,44,0.7055,0.6877
kedy,keedy,47,61,0.705,0.7022
okedy,otedy,104,133,0.7042,0.0566
dchedy,pchedy,26,34,0.7026,0.5413
qor,qotor,20,25,0.7012,0.3155
oaiin,shodaiin,23,22,0.699,0.3129
okain,qokain,132,272,0.697,0.2793
saiin,ytaiin,117,34,0.6962,0.6598
qor,sor,20,47,0.6954,0.7874
dal,dam,203,74,0.6933,0.3045
lol,lor,35,38,0.6924,0.4559
okchy,oraiin,22,28,0.6921,0.0877
lchedy,lkedy,111,26,0.6916,0.1172
qotol,qotor,43,25,0.6913,0.2991
lor,sal,38,40,0.69,0.7821
dor,sar,62,66,0.6885,0.4663
okol,otol,61,62,0.6876,0.2958
oaiin,olaiin,23,41,0.6865,0.6281
chol,chor,370,208,0.6812,0.4131
qokal,qotal,175,56,0.6777,0.5933
odaiin,taiin,57,44,0.6771,0.5782
qotol,tol,43,38,0.677,0.5397
okor,qokor,27,29,0.6763,0.461
ody,oly,40,55,0.672,0.0817
pchedy,tchedy,34,30,0.6714,0.6132
lkain,rain,34,20,0.6712,0.6008
dor,sor,62,47,0.6707,0.5672
saiin,taiin,117,44,0.6697,0.4213
cheody,ody,79,40,0.6663,0.1084
dchor,qor,24,20,0.6636,0.3699
qotaiin,taiin,75,44,0.6633,0.4257
dchol,dor,21,62,0.6627,0.4949
chedaiin,chodaiin,29,45,0.6626,0.0875
dair,dor,83,62,0.6624,0.1009
dar,sal,277,40,0.6597,0.2568
kain,lkain,41,34,0.6589,0.3698
cheody,chody,79,87,0.6568,0.1751
otedy,oteedy,133,86,0.6555,0.8286
sal,y,40,244,0.6542,0.1468
tchedy,yteedy,30,25,0.6536,0.6794
sar,ytar,66,21,0.6514,0.3338
qokeor,qotor,21,25,0.648,0.3786
qokaiin,qokain,262,272,0.6458,0.8892
saiin,sal,117,40,0.6445,0.1287
olaiin,olkaiin,41,28,0.6444,0.1036
dor,sal,62,40,0.6402,0.1591
okol,qokol,61,93,0.6336,0.1114
choky,cthol,35,52,0.6335,0.0778
cheky,choky,58,35,0.6325,0.1595
chodaiin,okaiin,45,200,0.6321,0.5467
lor,olor,38,26,0.6294,0.4219
keedy,keey,61,50,0.6279,0.3108
olkeedy,oteedy,41,86,0.6274,0.2238
otedy,qokedy,133,266,0.6272,0.8246
dair,dar,83,277,0.6257,0.8969
oly,otam,55,42,0.6254,0.1328
lkaiin,olkaiin,48,28,0.6249,0.0206
daiin,shodaiin,790,22,0.6215,0.7547
chckhy,chcthy,132,73,0.621,0.4788
olkeedy,ykeedy,41,27,0.621,0.3449
chodaiin,taiin,45,44,0.6164,0.4988
qokeey,qokey,298,104,0.6142,0.9281
sal,ytaiin,40,34,0.6139,0.2682
lor,sain,38,59,0.6122,0.2754
sol,tar,59,40,0.6107,0.0339
okchey,olchey,28,24,0.61,0.4183
sor,tol,47,38,0.6094,0.1084
qotor,tol,25,38,0.6082,0.0596
oaiin,sor,23,47,0.6073,0.065
ldy,oldy,21,23,0.6066,0.0489
qokeeey,ykeey,27,50,0.6061,0.4031
dain,taiin,202,44,0.6054,0.4217
sol,tor,59,22,0.6,0.1851
kchor,kol,20,36,0.5973,0.3417
odaiin,saiin,57,117,0.5973,0.7695
olkaiin,oraiin,28,28,0.5962,0.2538
ody,oty,40,96,0.5946,0.0643
oaiin,odaiin,23,57,0.5928,0.6352
kchol,kchor,25,20,0.5906,0.4068
saiin,sol,117,59,0.5902,0.0992
sair,sol,24,59,0.5887,0.0581
okar,otar,119,122,0.5876,0.0413
sal,shodaiin,40,22,0.5873,0.3311
dair,sal,83,40,0.5802,0.078
chodaiin,ykaiin,45,41,0.5769,0.3518
dain,sain,202,59,0.5762,0.8498
qoteedy,ykeedy,73,27,0.5753,0.2299
kchor,shor,20,91,0.5744,0.2435
okal,otal,132,122,0.5728,0.0518
okchy,qokchy,22,62,0.5711,0.8455
okeol,qokeol,57,50,0.569,0.251
dam,oly,74,55,0.5652,0.3466
odaiin,qotaiin,57,75,0.5627,0.4347
olkeedy,qokeedy,41,295,0.5626,0.0913
sar,tor,66,22,0.5609,0.1216
oraiin,qotaiin,28,75,0.5605,0.529
qoteey,qotey,38,23,0.5602,0.3653
shdy,shody,42,52,0.5591,0.1454
olchey,otchey,24,26,0.5575,0.3747
daiin,odaiin,790,57,0.5566,0.3874
cthor,cthy,41,101,0.5556,0.329
okam,oldy,26,23,0.5544,0.3177
sair,tol,24,38,0.5535,0.0539
chody,ody,87,40,0.5516,0.315
lchey,olchey,49,24,0.549,0.6346
sair,sar,24,66,0.5465,0.5224
dair,sair,83,24,0.5462,0.7593
daiin,ytaiin,790,34,0.545,0.6968
or,s,344,294,0.5446,0.1162
dain,dol,202,103,0.5445,0.4138
lchedy,okeedy,111,99,0.544,0.3651
aiiin,ain,44,102,0.5435,0.2069
lkaiin,raiin,48,60,0.5397,0.2742
okeedy,yteedy,99,25,0.5383,0.0256
okain,okal,132,132,0.5382,0.4804
dchy,kchor,26,20,0.5379,0.0909
dor,saiin,62,117,0.537,0.1509
ody,shody,40,52,0.5368,0.3428
kol,qokol,36,93,0.5366,0.3522
qokaiin,qotaiin,262,75,0.5366,0.4703
qokchedy,qoteedy,38,73,0.5362,0.8179
qotedy,qoteedy,85,73,0.5334,0.5779
odaiin,olaiin,57,41,0.5316,0.3458
ody,oky,40,87,0.5277,0.0876
tor,yteey,22,21,0.5271,0.3456
ckhol,cthor,20,41,0.5268,0.2399
okedy,oteedy,104,86,0.5252,0.3606
ain,air,102,62,0.5195,0.0184
ody,oldy,40,23,0.5195,0.1255
qokol,qotol,93,43,0.516,0.2108
oly,oty,55,96,0.5153,0.0582
otol,qokol,62,93,0.5128,0.2686
otaiin,otain,137,92,0.5114,0.5616
qokain,qokar,272,151,0.5098,0.8306
dair,taiin,83,44,0.5082,0.0805
sol,tol,59,38,0.508,0.6686
chodaiin,daiin,45,790,0.5068,0.2962
qor,tor,20,22,0.5066,0.5565
qor,tar,20,40,0.5054,0.1882
lshedy,olshedy,38,21,0.5039,0.5711
dar,dol,277,103,0.5035,0.5933
dain,sar,202,66,0.5024,0.1538
dor,qor,62,20,0.4994,0.5582
dchy,qokchy,26,62,0.4982,0.2684
qokain,qotain,272,60,0.4968,0.6862
qokaiin,saiin,262,117,0.4964,0.4219
okeody,qokeody,25,29,0.4948,0.0101
dchy,ykchy,26,20,0.4936,0.3801
pchedy,yteedy,34,25,0.4934,0.3021
kal,ky,25,30,0.4931,0.4143
dain,y,202,244,0.4925,0.1268
ytaiin,yty,34,20,0.491,0.396
lor,sor,38,47,0.4902,0.545
dair,oaiin,83,23,0.4899,0.0217
dor,otchol,62,29,0.4899,0.0593
chos,lor,36,38,0.4879,0.0856
okeol,oteol,57,28,0.4876,0.4404
oraiin,ykaiin,28,41,0.486,0.3782
oaiin,qotor,23,25,0.4835,0.0695
cthey,cthy,48,101,0.4822,0.0681
cthey,shody,48,52,0.4819,0.5595
opchedy,qopchedy,47,31,0.4819,0.0783
shedy,sheedy,408,78,0.4812,0.908
okaiin,olaiin,200,41,0.4749,0.0727
qotor,sain,25,59,0.4738,0.0869
dam,dy,74,236,0.4737,0.0343
oaiin,yteey,23,21,0.4737,0.2683
chodaiin,shody,45,52,0.471,0.2728
dal,dar,203,277,0.4707,0.0298
dchol,dchy,21,26,0.4701,0.3071
okeedy,otedy,99,133,0.4692,0.1417
otedy,qoteedy,133,73,0.469,0.4572
dar,dor,277,62,0.4688,0.4545
daly,qokam,22,25,0.4685,0.1464
qokal,qokar,175,151,0.4679,0.2295
dair,sor,83,47,0.4673,0.0948
okedy,okeedy,104,99,0.4666,0.0492
dair,ykaiin,83,41,0.4656,0.0452
d,ody,45,40,0.4625,0.0579
sho,shol,118,172,0.4599,0.0816
dain,ytaiin,202,34,0.4586,0.0643
oaiin,tar,23,40,0.4563,0.0758
dair,tar,83,40,0.4555,0.1235
otchol,sair,29,24,0.4546,0.0827
qokeor,tor,21,22,0.4543,0.4007
cheedy,sheedy,57,78,0.4539,0.6474
lor,otor,38,32,0.4538,0.1864
dair,dol,83,103,0.4535,0.0443
dar,lor,277,38,0.4531,0.2922
oky,oty,87,96,0.453,0.0395
saiin,sair,117,24,0.4522,0.069
kaiin,raiin,75,60,0.4521,0.7737
okchy,sal,22,40,0.4519,0.1739
dor,otol,62,62,0.4509,0.3996
qoky,qoty,137,85,0.4503,0.0352
dchy,yty,26,20,0.4501,0.0957
kchor,yty,20,20,0.4457,0.0843
choky,ckhy,35,35,0.4441,0.0984
cheedy,oteedy,57,86,0.4431,0.0761
dor,tar,62,40,0.4421,0.1558
otor,sor,32,47,0.4411,0.2824
dam,oky,74,87,0.4406,0.007
kchor,sor,20,47,0.4406,0.5139
am,otam,62,42,0.4392,0.0247
kchor,qotol,20,43,0.4385,0.0622
cheey,chey,168,328,0.4378,0.6417
oaiin,sar,23,66,0.4354,0.0718
okam,oly,26,55,0.4352,0.1457
cheody,shody,79,52,0.4341,0.1125
okaiin,ytaiin,200,34,0.4327,0.0118
qotol,shor,43,91,0.4325,0.0731
kchor,otol,20,62,0.4321,0.0115
oteedy,qokeedy,86,295,0.432,0.6472
odaiin,okain,57,132,0.4314,0.5293
qotain,qotar,60,60,0.4309,0.5714
lkeedy,lshedy,37,38,0.4306,0.3152
olkeedy,yteedy,41,25,0.4306,0.1887
dchor,oaiin,24,23,0.4302,0.1608
okchy,olchey,22,24,0.4291,0.5108
taiin,tor,44,22,0.4287,0.0748
lchey,lkeey,49,39,0.4273,0.0838
qokedy,qotedy,266,85,0.4273,0.8109
okchy,shodaiin,22,22,0.4271,0.1782
dain,odaiin,202,57,0.427,0.404
qoaiin,saiin,22,117,0.4263,0.2401
dchor,sair,24,24,0.4244,0.2216
qokor,qotol,29,43,0.4243,0.0855
sair,taiin,24,44,0.4222,0.0794
dair,odaiin,83,57,0.418,0.0529
dchedy,dchor,26,24,0.4166,0.102
lkaiin,lkain,48,34,0.4165,0.1952
okaiin,okain,200,132,0.4165,0.427
oaiin,qor,23,20,0.415,0.1578
otor,tor,32,22,0.4137,0.7817
qo,qotchy,49,59,0.4137,0.0795
okchedy,qopchedy,21,31,0.4119,0.1375
chal,chedal,44,23,0.4115,0.2373
lor,ytar,38,21,0.4112,0.0677
okaiin,olkaiin,200,28,0.4097,0.004
choky,cthor,35,41,0.4096,0.0794
okar,otain,119,92,0.4067,0.118
ckhy,dam,35,74,0.4056,0.0211
kchor,ykaiin,20,41,0.4044,0.0371
sheey,shey,139,263,0.4041,0.8467
oaiin,ytar,23,21,0.4018,0.3722
olchey,yteedy,24,25,0.4006,0.4448
tor,ytar,22,21,0.4003,0.2219
ytar,yteey,21,21,0.3993,0.364
qokal,qoky,175,137,0.398,0.3144
shar,ytar,29,21,0.3978,0.2129
kchol,kol,25,36,0.3977,0.2251
sar,sol,66,59,0.3974,0.1699
okchedy,otchedy,21,27,0.3965,0.2345
ldy,oly,21,55,0.3952,0.0993
qokeedy,ykeedy,295,27,0.3952,0.1237
qotor,ytar,25,21,0.3951,0.484
checkhy,shckhy,46,58,0.394,0.1349
kol,otol,36,62,0.3938,0.1669
aiin,ain,438,102,0.3903,0.8464
lkaiin,qokaiin,48,262,0.3902,0.0209
qokol,qokor,93,29,0.3901,0.0379
raiin,rain,60,20,0.3901,0.0908
chaiin,chodaiin,48,45,0.3895,0.1122
otol,qotor,62,25,0.3893,0.1343
olaiin,ykaiin,41,41,0.3886,0.1771
dam,sy,74,33,0.3875,0.0727
oaiin,olkaiin,23,28,0.3866,0.191
qokaiin,ykaiin,262,41,0.3845,0.1166
oteey,qoteey,97,38,0.3822,0.0636
dchedy,ykeedy,26,27,0.3813,0.5352
otain,otal,92,122,0.3801,0.1792
qokeol,qotol,50,43,0.3783,0.3421
dar,sain,277,59,0.3778,0.3736
okchy,ykchy,22,20,0.3774,0.7446
qor,sair,20,24,0.3769,0.1436
qokchy,ykchy,62,20,0.3749,0.7072
okchy,otchy,22,41,0.3745,0.1964
qotor,sair,25,24,0.3743,0.1887
dain,ykaiin,202,41,0.3741,0.0308
kaiin,lkaiin,75,48,0.3728,0.2338
oraiin,otaiin,28,137,0.3722,0.0172
okchey,qokchey,28,27,0.3698,0.0713
otain,qotain,92,60,0.3693,0.0314
okeedy,qotedy,99,85,0.3682,0.4249
okal,otar,132,122,0.3662,0.1964
oky,oly,87,55,0.3655,0.0344
shody,shy,52,92,0.3652,0.2029
qokor,qotor,29,25,0.364,0.2826
lkaiin,ytaiin,48,34,0.3634,0.0754
dair,dchor,83,24,0.3632,0.1094
otchedy,qokchedy,27,38,0.3632,0.2003
saiin,tor,117,22,0.3625,0.0148
qokchy,qotol,62,43,0.3615,0.0689
qokeedy,qokeey,295,298,0.3612,0.8567
lkedy,lshedy,26,38,0.3595,0.3875
lor,or,38,344,0.3592,0.1996
lchedy,okedy,111,104,0.3583,0.0238
kor,sair,26,24,0.3575,0.2084
okey,qokey,55,104,0.3565,0.0793
okar,qokar,119,151,0.3562,0.0099
olchey,qokchey,24,27,0.3545,0.3639
am,sy,62,33,0.3543,0.0239
sal,ytar,40,21,0.3538,0.0826
olaiin,qoaiin,41,22,0.3534,0.4661
otam,sy,42,33,0.3526,0.0367
dchor,qotol,24,43,0.3504,0.1105
daiin,dar,790,277,0.3497,0.4082
qokey,qoteedy,104,73,0.3497,0.062
oteedy,qotedy,86,85,0.3496,0.5768
shodaiin,ykaiin,22,41,0.3496,0.2646
chaiin,ytaiin,48,34,0.3493,0.0586
dor,ytar,62,21,0.3492,0.0767
olchedy,olkedy,34,24,0.349,0.4462
dor,kol,62,36,0.3486,0.0473
ykaiin,ytar,41,21,0.3483,0.0903
okchedy,olkeedy,21,41,0.3476,0.8338
lchedy,lshedy,111,38,0.3472,0.1259
dchol,qotol,21,43,0.3466,0.2908
dchor,otol,24,62,0.3447,0.0967
chaiin,odaiin,48,57,0.3445,0.1171
otol,tol,62,38,0.3424,0.8063
shckhy,sheckhy,58,33,0.3424,0.1044
otain,otar,92,122,0.3389,0.0137
sar,ykar,66,32,0.3389,0.2918
okor,qoaiin,27,22,0.3388,0.0769
qo,qokchy,49,62,0.3385,0.125
chedy,cheedy,476,57,0.3378,0.5439
dal,oky,203,87,0.3369,0.0389
qokeedy,qotedy,295,85,0.3369,0.8286
ody,sy,40,33,0.3361,0.1588
chedy,shedy,476,408,0.3355,0.7919
daly,oly,22,55,0.3344,0.0975
chcthy,chdy,73,129,0.3338,0.0361
lchedy,oteedy,111,86,0.3338,0.079
lchedy,qoteedy,111,73,0.333,0.0323
sain,ytaiin,59,34,0.3323,0.0682
qoaiin,tor,22,22,0.3321,0.1543
oteey,qokeey,97,298,0.3311,0.4102
chody,choky,87,35,0.3306,0.0732
dain,dchor,202,24,0.3305,0.0114
qokar,qol,151,139,0.3292,0.277
chodaiin,dain,45,202,0.3284,0.0774
chaiin,ody,48,40,0.3281,0.1851
ody,olchedy,40,34,0.3274,0.0491
dchor,sol,24,59,0.3245,0.0499
saiin,tar,117,40,0.3245,0.0442
otchol,sor,29,47,0.3244,0.0555
dair,ytaiin,83,34,0.3234,0.0694
kol,yty,36,20,0.323,0.0183
otchol,qokol,29,93,0.3228,0.0268
okal,otaiin,132,137,0.3226,0.1489
chear,ches,45,30,0.322,0.0426
dchol,qotor,21,25,0.3203,0.065
qokeey,ykeey,298,50,0.3196,0.1597
kol,okol,36,61,0.3193,0.3951
otor,tar,32,40,0.3186,0.1644
olaiin,oraiin,41,28,0.3181,0.0848
qor,sol,20,59,0.3181,0.1543
chdy,chody,129,87,0.3174,0.0199
oaiin,sal,23,40,0.3174,0.0264
okedy,olkedy,104,24,0.3171,0.0297
okor,otor,27,32,0.3168,0.0884
dchor,ykaiin,24,41,0.3166,0.084
olchedy,shdy,34,42,0.3166,0.0195
aiiin,aiin,44,438,0.3156,0.525
qor,sar,20,66,0.3154,0.2005
qokain,qokal,272,175,0.3152,0.3803
dol,sal,103,40,0.3149,0.1517
chodaiin,qotaiin,45,75,0.3146,0.3937
sair,sal,24,40,0.3146,0.0341
choky,cthy,35,101,0.3144,0.0093
sain,ykaiin,59,41,0.3127,0.0486
odaiin,qoaiin,57,22,0.3125,0.4209
dar,saiin,277,117,0.3123,0.2524
okaiin,oraiin,200,28,0.3109,0.0049
chdy,dy,129,236,0.3107,0.1139
dain,shodaiin,202,22,0.3106,0.0934
dchol,otol,21,62,0.3103,0.0995
dar,y,277,244,0.3101,0.3503
sho,tol,118,38,0.31,0.041
chodaiin,otaiin,45,137,0.3082,0.0521
dchor,sain,24,59,0.3077,0.0225
okeey,qokey,154,104,0.3073,0.2382
qokeol,qokol,50,93,0.3073,0.1576
qokar,qotar,151,60,0.3066,0.6269
qokaiin,qokar,262,151,0.3065,0.1645
okam,otam,26,42,0.3063,0.0132
odaiin,qokaiin,57,262,0.306,0.2425
cthy,oky,101,87,0.3055,0.0157
okain,olkain,132,34,0.3055,0.0342
olkaiin,otaiin,28,137,0.3033,0.0134
chodaiin,saiin,45,117,0.303,0.106
okchy,ytaiin,22,34,0.3019,0.0391
sar,taiin,66,44,0.3015,0.1253
qokedy,qokeey,266,298,0.3001,0.8707
qotaiin,qotain,75,60,0.2997,0.2868
okchedy,qokchedy,21,38,0.2996,0.1139
okchy,olor,22,26,0.2995,0.1432
okaiin,saiin,200,117,0.2987,0.6833
okeol,okey,57,55,0.2985,0.2204
okchedy,opchedy,21,47,0.2984,0.4872
okain,otaiin,132,137,0.298,0.2139
kchor,ykchy,20,20,0.2972,0.0578
qor,ytar,20,21,0.2962,0.2316
dchedy,dchol,26,21,0.2958,0.028
dor,oaiin,62,23,0.2956,0.049
sal,shody,40,52,0.2946,0.0343
oky,qoky,87,137,0.2939,0.0461
sheol,shey,101,263,0.2938,0.2204
okeedy,ykeedy,99,27,0.2922,0.0238
ches,chos,30,36,0.2919,0.0577
qokaiin,qokal,262,175,0.2919,0.2525
dor,sair,62,24,0.291,0.0833
dchol,yty,21,20,0.2897,0.0543
otor,ytar,32,21,0.2896,0.2263
keey,lkeey,50,39,0.289,0.2628
qokeeey,qoteey,27,38,0.2885,0.2569
kar,lkar,53,31,0.2884,0.2094
lshedy,qokchedy,38,38,0.2874,0.2105
dol,shor,103,91,0.2864,0.0607
aiiin,air,44,62,0.2835,0.0328
dchol,tol,21,38,0.2835,0.1746
kchey,qokchey,21,27,0.2832,0.1176
chcthy,checthy,73,30,0.2826,0.1329
otol,otor,62,32,0.2823,0.0741
sal,tor,40,22,0.282,0.0271
cthey,cthor,48,41,0.2805,0.0444
dain,sor,202,47,0.2803,0.0164
chcthy,cthy,73,101,0.2796,0.0163
dor,tol,62,38,0.2796,0.0599
qo,qokeeey,49,27,0.2795,0.129
oraiin,sal,28,40,0.2793,0.0284
dain,oaiin,202,23,0.2788,0.0212
qo,sal,49,40,0.2786,0.0236
qor,sain,20,59,0.2779,0.0365
dchy,qotchy,26,59,0.2768,0.1362
okeeey,qokeeey,21,27,0.2747,0.0166
okchy,qotchy,22,59,0.2746,0.3181
otchy,qokchy,41,62,0.2746,0.3418
qo,sor,49,47,0.2728,0.1365
olkeedy,shdy,41,42,0.2723,0.2081
chedaiin,ytaiin,29,34,0.2721,0.1081
saiin,shodaiin,117,22,0.2719,0.0701
dor,otor,62,32,0.2717,0.1345
cheey,sheey,168,139,0.2716,0.3822
okeedy,qokedy,99,266,0.2711,0.5573
lor,oaiin,38,23,0.269,0.0377
qotchy,shody,59,52,0.2686,0.2207
char,ches,75,30,0.2684,0.045
chodaiin,choky,45,35,0.2677,0.1823
dal,oty,203,96,0.2671,0.0048
oteedy,ykeedy,86,27,0.2663,0.0295
al,am,212,62,0.2662,0.2148
oaiin,okor,23,27,0.2657,0.0333
qo,ykeey,49,50,0.2642,0.108
okeey,olkeey,154,38,0.2637,0.0401
oaiin,otchol,23,29,0.2632,0.0387
otedy,qokeedy,133,295,0.2625,0.0552
qokeey,qoteedy,298,73,0.2625,0.741
shodaiin,yteedy,22,25,0.2625,0.1903
cthy,dal,101,203,0.2614,0.0059
okain,qokaiin,132,262,0.2612,0.6616
chdy,cheody,129,79,0.2606,0.0191
dchor,taiin,24,44,0.2604,0.0262
shody,yteedy,52,25,0.2601,0.0566
dal,qoky,203,137,0.26,0.0043
am,oldy,62,23,0.2588,0.0098
dair,qotor,83,25,0.2567,0.064
qokedy,qokey,266,104,0.2561,0.707
oaiin,qokaiin,23,262,0.2555,0.0429
qokal,qol,175,139,0.2555,0.3014
olchey,oteey,24,97,0.2553,0.0269
dol,otol,103,62,0.255,0.0646
lor,shar,38,29,0.2546,0.0236
kchol,otchol,25,29,0.2539,0.2896
oly,qokam,55,25,0.2525,0.0183
qotor,sal,25,40,0.2516,0.0352
chal,ody,44,40,0.2513,0.0659
chdy,oky,129,87,0.251,0.0146
okaiin,okal,200,132,0.251,0.0289
qokain,qol,272,139,0.2493,0.3156
dor,ykaiin,62,41,0.2488,0.072
oraiin,raiin,28,60,0.2487,0.0266
otol,qokeol,62,50,0.2485,0.1063
ody,okam,40,26,0.2478,0.0364
qotaiin,qotar,75,60,0.2476,0.0544
okchy,olchedy,22,34,0.2469,0.0263
olkaiin,ytaiin,28,34,0.2469,0.0935
qo,qotor,49,25,0.2468,0.0265
char,chear,75,45,0.2467,0.0744
dair,lor,83,38,0.2465,0.0366
dchor,sho,24,118,0.2462,0.0142
qol,qotain,139,60,0.2459,0.065
qo,tar,49,40,0.2455,0.0399
lshedy,qoteedy,38,73,0.2454,0.2087
okchy,shody,22,52,0.2453,0.0333
chodaiin,oaiin,45,23,0.244,0.3076
dy,ody,236,40,0.2431,0.0105
oaiin,qokeor,23,21,0.2426,0.118
dain,okaiin,202,200,0.2424,0.0596
dchy,okchey,26,28,0.2413,0.1193
qotor,saiin,25,117,0.2409,0.025
keedy,lkeedy,61,37,0.2407,0.1625
tar,tol,40,38,0.2404,0.0357
olshedy,yteedy,21,25,0.2402,0.52
ody,okal,40,132,0.2401,0.005
ldy,lo,21,20,0.2392,0.0283
am,dam,62,74,0.2387,0.0487
dchor,dol,24,103,0.2378,0.0584
cheedy,olkeedy,57,41,0.2375,0.046
dchor,yty,24,20,0.2375,0.0627
dor,taiin,62,44,0.2375,0.0359
dol,okol,103,61,0.2369,0.0219
oly,sy,55,33,0.2369,0.0901
chedaiin,shodaiin,29,22,0.236,0.0405
kain,rain,41,20,0.2359,0.6081
qokchedy,qokedy,38,266,0.2352,0.098
dal,otal,203,122,0.2351,0.0896
okchedy,okeedy,21,99,0.2351,0.2105
qokchy,shor,62,91,0.235,0.0388
olaiin,qotaiin,41,75,0.2349,0.2673
ody,shodaiin,40,22,0.2339,0.0354
qoaiin,sair,22,24,0.2339,0.188
lchedy,qokchedy,111,38,0.2336,0.0051
lol,qokam,35,25,0.2335,0.0171
sain,ytar,59,21,0.2331,0.106
choky,dam,35,74,0.2324,0.0315
ytaiin,ytar,34,21,0.2319,0.0866
o,qo,139,49,0.2318,0.3923
ykchy,yty,20,20,0.2307,0.0842
lol,okchy,35,22,0.2298,0.0246
dor,tor,62,22,0.2294,0.158
qokar,qotain,151,60,0.2284,0.0602
dy,oky,236,87,0.2281,0.1916
okal,qokal,132,175,0.2278,0.0107
dam,okam,74,26,0.2272,0.0455
kchor,qokchy,20,62,0.2267,0.0535
dchol,ykchy,21,20,0.2264,0.0515
olkeedy,olshedy,41,21,0.2259,0.5923
chaiin,choky,48,35,0.2257,0.0533
lkain,olkain,34,34,0.2256,0.1011
qoteey,qotol,38,43,0.2256,0.0628
dor,lor,62,38,0.2242,0.2809
qokeor,qokor,21,29,0.2236,0.0916
qoaiin,ytar,22,21,0.2234,0.2777
shody,ytaiin,52,34,0.2229,0.1161
lchey,lol,49,35,0.2227,0.049
cheol,chor,157,208,0.2223,0.0087
keedy,lchedy,61,111,0.2223,0.1189
dchol,kol,21,36,0.2218,0.2172
dair,tor,83,22,0.2215,0.0238
otchedy,yteedy,27,25,0.2215,0.5024
dain,okain,202,132,0.2214,0.0143
qokchey,qotey,27,23,0.2213,0.222
olkeey,qoteey,38,38,0.2209,0.3083
cthey,dam,48,74,0.2206,0.044
dchor,saiin,24,117,0.2206,0.0237
kchor,otor,20,32,0.2198,0.0508
odaiin,ody,57,40,0.2197,0.0442
otal,qotal,122,56,0.2194,0.0217
kaiin,okaiin,75,200,0.2192,0.0143
dchedy,sal,26,40,0.2186,0.0357
lor,tor,38,22,0.2183,0.4945
chal,cheky,44,58,0.2179,0.0385
dchor,dchy,24,26,0.2175,0.1381
otchol,ykaiin,29,41,0.2174,0.0405
ckhy,cthor,35,41,0.2172,0.0423
dal,okal,203,132,0.2171,0.045
okeedy,qokchedy,99,38,0.217,0.0937
kchedy,keedy,22,61,0.2168,0.2056
olchedy,qokchedy,34,38,0.2163,0.1625
okor,tor,27,22,0.2157,0.0686
dchedy,qo,26,49,0.2152,0.0381
dar,sar,277,66,0.2151,0.7655
lkaiin,odaiin,48,57,0.2144,0.0983
ain,al,102,212,0.2137,0.2217
ykaiin,ykar,41,32,0.2137,0.0351
dair,shodaiin,83,22,0.2133,0.0188
chaiin,oraiin,48,28,0.2132,0.0699
okor,sor,27,47,0.213,0.0916
cheey,cheol,168,157,0.2129,0.0215
chody,dy,87,236,0.2128,0.1914
kchor,tol,20,38,0.2128,0.0708
qotor,sol,25,59,0.2119,0.0324
cheedy,okeedy,57,99,0.2116,0.0222
sair,ykaiin,24,41,0.2115,0.0304
ykeey,yteey,50,21,0.2115,0.3736
okal,oty,132,96,0.2114,0.0058
dol,y,103,244,0.2109,0.1767
kaiin,oiin,75,29,0.2109,0.3606
lkaiin,oraiin,48,28,0.2107,0.077
qo,yteedy,49,25,0.2106,0.0528
otal,oty,122,96,0.2103,0.0115
d,oky,45,87,0.2098,0.0072
sor,ytar,47,21,0.2097,0.1088
d,lor,45,38,0.2093,0.0161
ckhy,oly,35,55,0.2089,0.1203
olkeedy,qoteedy,41,73,0.2086,0.0998
qoteey,ykeey,38,50,0.2083,0.1704
qotol,sor,43,47,0.2082,0.0652
oaiin,tol,23,38,0.2077,0.0264
chodaiin,qoaiin,45,22,0.2074,0.3078
tol,ykeey,38,50,0.2074,0.0327
qo,qotol,49,43,0.2068,0.04
dchor,shor,24,91,0.2064,0.0697
otchol,shor,29,91,0.2064,0.0153
dchor,otor,24,32,0.2054,0.2999
dchor,ykchy,24,20,0.2053,0.0526
okal,otain,132,92,0.205,0.0364
am,ody,62,40,0.2048,0.0407
oky,qoty,87,85,0.2048,0.0323
olaiin,ytaiin,41,34,0.2037,0.0528
kor,okor,26,27,0.2032,0.1621
dchy,okchy,26,22,0.2031,0.2325
oldy,otam,23,42,0.2027,0.0058
sal,ykaiin,40,41,0.202,0.0814
dchor,kol,24,36,0.2018,0.0108
lkeey,okeeey,39,21,0.2006,0.2413
qoaiin,taiin,22,44,0.1998,0.1914
okey,okol,55,61,0.1987,0.084
qotor,tar,25,40,0.1982,0.0831
dar,odaiin,277,57,0.1981,0.0158
choky,qoty,35,85,0.1974,0.0526
oaiin,sol,23,59,0.1971,0.0244
dol,saiin,103,117,0.1963,0.3624
qokeol,ykeey,50,50,0.1962,0.1498
kol,qotor,36,25,0.1955,0.0188
olshedy,otchedy,21,27,0.1952,0.4497
qokaiin,qol,262,139,0.195,0.2405
otol,shor,62,91,0.1939,0.0298
dchedy,tol,26,38,0.1936,0.0103
okaiin,otain,200,92,0.1928,0.1077
lor,qotor,38,25,0.1927,0.0354
olkeedy,qotedy,41,85,0.1926,0.0462
qokey,qoky,104,137,0.1923,0.1214
chal,choky,44,35,0.1921,0.0367
lchedy,shdy,111,42,0.1918,0.0344
dchor,kor,24,26,0.1916,0.1341
oraiin,saiin,28,117,0.1916,0.1871
qokal,qokedy,175,266,0.1915,0.0293
dar,ytaiin,277,34,0.1905,0.0126
qokol,qotor,93,25,0.1905,0.041
qotor,shor,25,91,0.1903,0.0147
oky,otam,87,42,0.1902,0.0116
lol,y,35,244,0.1894,0.0159
okeey,qokeeey,154,27,0.1894,0.0418
cheody,choky,79,35,0.1892,0.0663
dor,qokeor,62,21,0.1891,0.0691
lshedy,otedy,38,133,0.1891,0.0155
okchedy,olshedy,21,21,0.189,0.5853
otaiin,ytaiin,137,34,0.1889,0.0154
sho,sol,118,59,0.1887,0.0417
sair,ytar,24,21,0.1885,0.1364
shdy,shodaiin,42,22,0.1875,0.0337
dain,tar,202,40,0.1874,0.019
dchol,okchey,21,28,0.1872,0.0264
qotaiin,raiin,75,60,0.1868,0.0923
cheky,cthol,58,52,0.1867,0.0645
okeedy,olchedy,99,34,0.1861,0.0602
ykaiin,ykeey,41,50,0.1853,0.0987
ykaiin,yty,41,20,0.1853,0.0475
oaiin,otor,23,32,0.185,0.1438
cthey,ody,48,40,0.1848,0.0502
dor,shar,62,29,0.1846,0.076
kaiin,kedy,75,47,0.1845,0.0401
cheol,chol,157,370,0.1838,0.1251
olchedy,olshedy,34,21,0.1833,0.3741
qotal,qotar,56,60,0.1829,0.1087
qokol,qol,93,139,0.1824,0.0473
shodaiin,yty,22,20,0.1821,0.0462
choty,ytaiin,36,34,0.1819,0.2313
dol,qokol,103,93,0.1812,0.0217
kol,otchol,36,29,0.1803,0.0445
lshedy,okedy,38,104,0.1798,0.0289
qotaiin,ykaiin,75,41,0.1794,0.2525
d,dam,45,74,0.179,0.0557
d,sy,45,33,0.179,0.0736
qo,tol,49,38,0.1786,0.089
chaiin,cheky,48,58,0.1785,0.031
choty,oty,36,96,0.1779,0.0484
okchey,ykchy,28,20,0.1779,0.1244
lkedy,olkedy,26,24,0.1776,0.1107
dchor,shodaiin,24,22,0.1773,0.08
okaiin,qotaiin,200,75,0.1771,0.0151
olchedy,otchedy,34,27,0.1754,0.0112
otchol,tor,29,22,0.1754,0.0318
r,s,132,294,0.1754,0.0097
ykaiin,ykchy,41,20,0.1753,0.1115
ykchy,ytaiin,20,34,0.1753,0.02
tol,yteey,38,21,0.1749,0.0264
daly,ldy,22,21,0.1748,0.0792
qotchy,ykchy,59,20,0.1747,0.105
lkaiin,taiin,48,44,0.1745,0.2415
choty,yty,36,20,0.1744,0.0688
sheor,shor,45,91,0.1743,0.0444
kchor,qor,20,20,0.1739,0.1888
olkeedy,otedy,41,133,0.1729,0.0023
kol,kor,36,26,0.1718,0.0211
ody,otchdy,40,21,0.1717,0.0701
kchedy,kedy,22,47,0.1712,0.3962
kor,sor,26,47,0.1711,0.2255
kol,ky,36,30,0.1702,0.0348
otchol,qokchy,29,62,0.1699,0.0474
lol,qoty,35,85,0.1693,0.0077
dchol,qokol,21,93,0.1681,0.0697
dol,qotol,103,43,0.1681,0.0576
qoaiin,qotor,22,25,0.1681,0.2135
chcthy,oty,73,96,0.168,0.0079
qokeor,sain,21,59,0.1678,0.034
taiin,tar,44,40,0.1678,0.0392
qoty,shody,85,52,0.1677,0.0626
oldy,otchdy,23,21,0.1675,0.0825
lkeedy,lkeey,37,39,0.1673,0.1197
okchey,otchey,28,26,0.1673,0.0184
daly,dam,22,74,0.1671,0.0104
lchedy,otedy,111,133,0.167,0.0074
okeedy,okeey,99,154,0.167,0.065
qoaiin,qokaiin,22,262,0.167,0.0549
kar,ykar,53,32,0.1669,0.1214
dor,y,62,244,0.1668,0.0262
otar,qotar,122,60,0.1668,0.0214
chaiin,cheody,48,79,0.1667,0.0122
okal,oky,132,87,0.1666,0.0117
ody,olor,40,26,0.1649,0.0196
okeedy,otchedy,99,27,0.1649,0.027
daiin,saiin,790,117,0.1645,0.6996
qokeol,qokor,50,29,0.1645,0.11
d,otam,45,42,0.1636,0.0668
kaiin,olaiin,75,41,0.1633,0.2057
olaiin,olor,41,26,0.1632,0.0212
dshedy,yteedy,30,25,0.1623,0.378
tor,ykaiin,22,41,0.1622,0.0296
cheedy,kedy,57,47,0.1621,0.2596
olkedy,otedy,24,133,0.1616,0.0374
dar,taiin,277,44,0.1607,0.0588
oldy,shody,23,52,0.1604,0.0381
chckhy,checkhy,132,46,0.1601,0.023
dor,lol,62,35,0.1599,0.1051
okaiin,taiin,200,44,0.1598,0.0278
chody,oky,87,87,0.1597,0.0454
oteedy,sheedy,86,78,0.1595,0.0374
okol,oky,61,87,0.159,0.017
sheey,sheol,139,101,0.159,0.0139
kchor,ytar,20,21,0.1588,0.0679
odaiin,sal,57,40,0.1585,0.0187
chody,olchedy,87,34,0.158,0.0092
kchor,sal,20,40,0.158,0.019
qotaiin,qoty,75,85,0.1579,0.0965
ckhy,d,35,45,0.1578,0.0883
qokeor,sal,21,40,0.1572,0.0479
oraiin,qoaiin,28,22,0.1566,0.1304
okchy,taiin,22,44,0.1556,0.0247
olchey,olkeey,24,38,0.1553,0.0616
dor,odaiin,62,57,0.1552,0.0665
oraiin,otam,28,42,0.1551,0.0225
dal,ody,203,40,0.155,0.0036
qotchy,tol,59,38,0.1548,0.0362
kaiin,kain,75,41,0.1547,0.3181
olkain,rain,34,20,0.1547,0.007
kchor,sair,20,24,0.1546,0.0811
qokaiin,qotain,262,60,0.1546,0.0945
am,qokam,62,25,0.1544,0.0085
chor,kchor,208,20,0.1541,0.0056
tchedy,tol,30,38,0.1541,0.0097
qotchy,qotol,59,43,0.154,0.0584
chdy,dal,129,203,0.1538,0.009
lshedy,olchedy,38,34,0.1537,0.1318
otol,qotchy,62,59,0.1536,0.0464
dal,dol,203,103,0.1535,0.0349
ldy,lol,21,35,0.1535,0.0406
dchor,sal,24,40,0.1533,0.0269
lkar,rain,31,20,0.1532,0.1535
cthey,cthol,48,52,0.1519,0.084
dain,lor,202,38,0.1519,0.0557
dol,sain,103,59,0.1516,0.1743
qokaiin,taiin,262,44,0.1514,0.0349
otchol,yty,29,20,0.1513,0.0113
chedy,lchedy,476,111,0.151,0.013
lshedy,okeedy,38,99,0.1509,0.0374
sal,shar,40,29,0.1508,0.0306
chey,shey,328,263,0.1505,0.7379
otol,shol,62,172,0.1502,0.055
qokchy,shol,62,172,0.1501,0.088
cthey,oky,48,87,0.1497,0.062
d,shody,45,52,0.1494,0.0116
kchor,taiin,20,44,0.1485,0.035
olaiin,otaiin,41,137,0.1485,0.0071
lkedy,lkeedy,26,37,0.1484,0.2701
dar,ytar,277,21,0.1482,0.0279
qoky,qotal,137,56,0.1482,0.0309
char,otar,75,122,0.1481,0.0104
okal,okey,132,55,0.1481,0.0127
daiin,taiin,790,44,0.148,0.6234
lkar,otar,31,122,0.148,0.0034
olchedy,otchdy,34,21,0.148,0.0281
okar,otal,119,122,0.1478,0.0099
olkeedy,sheedy,41,78,0.1477,0.0176
olchey,olshedy,24,21,0.1475,0.2301
ckhol,cthol,20,52,0.147,0.5828
sal,yteedy,40,25,0.1468,0.0402
qoty,yty,85,20,0.1466,0.0074
y,ytaiin,244,34,0.1466,0.0235
chedaiin,odaiin,29,57,0.1464,0.0893
choty,shody,36,52,0.1464,0.0891
otam,qokam,42,25,0.1462,0.0059
qokchedy,ykeedy,38,27,0.1462,0.1209
otchol,qokeol,29,50,0.146,0.041
pchedy,qoteedy,34,73,0.1459,0.4762
sar,ykaiin,66,41,0.1459,0.0324
chy,cthol,141,52,0.1457,0.1388
lchey,lkedy,49,26,0.1454,0.1753
dor,qo,62,49,0.1453,0.0498
sol,y,59,244,0.1453,0.0085
lchey,qokey,49,104,0.1452,0.0551
dair,qor,83,20,0.145,0.0183
chor,shol,208,172,0.1446,0.0067
olaiin,qokaiin,41,262,0.1444,0.0248
qotor,yteey,25,21,0.1444,0.0431
d,olor,45,26,0.144,0.0114
kchedy,qokchedy,22,38,0.1437,0.0231
lkaiin,okain,48,132,0.1436,0.0489
otal,otar,122,122,0.1435,0.0126
sal,yty,40,20,0.1432,0.023
qo,sol,49,59,0.1431,0.0591
qokaiin,ytaiin,262,34,0.1431,0.0064
oldy,shodaiin,23,22,0.1429,0.085
qokeor,sor,21,47,0.1427,0.0447
pchedy,qokchedy,34,38,0.1425,0.2253
oteey,qoteedy,97,73,0.1424,0.0365
otain,qotar,92,60,0.1423,0.016
lor,taiin,38,44,0.142,0.0361
qokam,sy,25,33,0.142,0.0027
choky,shody,35,52,0.1419,0.072
dol,sho,103,118,0.1418,0.0246
okeey,ykeey,154,50,0.1417,0.106
chcthy,chey,73,328,0.1416,0.181
cthey,dal,48,203,0.1415,0.0027
kchy,yty,33,20,0.1411,0.0271
qotchy,qotor,59,25,0.1411,0.063
okain,qotain,132,60,0.1407,0.0358
olchey,qokchedy,24,38,0.1406,0.0521
qotol,yty,43,20,0.1406,0.0115
chaiin,chal,48,44,0.1405,0.0471
taiin,tchey,44,20,0.1403,0.0251
ckhy,cthol,35,52,0.1402,0.0128
chaiin,otaiin,48,137,0.1401,0.0203
chodaiin,dair,45,83,0.14,0.0097
kor,tor,26,22,0.14,0.5827
okain,okol,132,61,0.14,0.0185
otchol,qotchy,29,59,0.14,0.0254
okchy,yteedy,22,25,0.1398,0.1628
kain,raiin,41,60,0.1396,0.0776
chckhy,cheky,132,58,0.1395,0.1015
qopchedy,qotedy,31,85,0.1394,0.3365
choky,ody,35,40,0.1393,0.0801
cthey,yty,48,20,0.1393,0.1203
lshedy,otchedy,38,27,0.1393,0.0863
kol,qokeol,36,50,0.1392,0.0203
