page,annotator,image_source,leaf_division,leaf_arrangement,stem_branching,root_form,flower_presence,flower_form,plants_on_page,text_position,blue_pigment,red_pigment,confidence,notes
f1v,B,,,,,,,,,,,,,
f2r,B,,,,,,,,,,,,,
f2v,B,,,,,,,,,,,,,
f3r,B,,,,,,,,,,,,,
f3v,B,,,,,,,,,,,,,
f4r,B,,,,,,,,,,,,,
f4v,B,,,,,,,,,,,,,
f5r,B,,,,,,,,,,,,,
f5v,B,,,,,,,,,,,,,
f6r,B,,,,,,,,,,,,,
f6v,B,,,,,,,,,,,,,
f7r,B,,,,,,,,,,,,,
f7v,B,,,,,,,,,,,,,
f8r,B,,,,,,,,,,,,,
f8v,B,,,,,,,,,,,,,
f9r,B,,,,,,,,,,,,,
f9v,B,,,,,,,,,,,,,
f10r,B,,,,,,,,,,,,,
f10v,B,,,,,,,,,,,,,
f11r,B,,,,,,,,,,,,,
f11v,B,,,,,,,,,,,,,
f13r,B,,,,,,,,,,,,,
f13v,B,,,,,,,,,,,,,
f14r,B,,,,,,,,,,,,,
f14v,B,,,,,,,,,,,,,
f15r,B,,,,,,,,,,,,,
f15v,B,,,,,,,,,,,,,
f16r,B,,,,,,,,,,,,,
f16v,B,,,,,,,,,,,,,
f17r,B,,,,,,,,,,,,,
f17v,B,,,,,,,,,,,,,
f18r,B,,,,,,,,,,,,,
f18v,B,,,,,,,,,,,,,
f19r,B,,,,,,,,,,,,,
f19v,B,,,,,,,,,,,,,
f22r,B,,,,,,,,,,,,,
f22v,B,,,,,,,,,,,,,
f23r,B,,,,,,,,,,,,,
f23v,B,,,,,,,,,,,,,
f24r,B,,,,,,,,,,,,,
f24v,B,,,,,,,,,,,,,
