page,folio,quire,bifolio,currier,hand,clean_paragraph_tokens,tier,roles
f1v,f1,A,1,A,1,91,3,herbal_A_hand1_pool;stage29_A_panel;whole_manuscript_statistics
f2r,f2,A,2,A,1,97,3,herbal_A_hand1_pool;stage29_A_panel;whole_manuscript_statistics
f2v,f2,A,2,A,1,60,2,herbal_A_hand1_pool;whole_manuscript_statistics
f3r,f3,A,3,A,1,114,3,herbal_A_hand1_pool;stage29_A_panel;whole_manuscript_statistics
f3v,f3,A,3,A,1,84,2,herbal_A_hand1_pool;whole_manuscript_statistics
f4r,f4,A,4,A,1,62,2,herbal_A_hand1_pool;whole_manuscript_statistics
f4v,f4,A,4,A,1,81,3,herbal_A_hand1_pool;stage29_A_panel;whole_manuscript_statistics
f5r,f5,A,4,A,1,53,2,herbal_A_hand1_pool;whole_manuscript_statistics
f5v,f5,A,4,A,1,46,2,herbal_A_hand1_pool;whole_manuscript_statistics
f6r,f6,A,3,A,1,82,3,herbal_A_hand1_pool;stage29_A_panel;whole_manuscript_statistics
f6v,f6,A,3,A,1,109,2,herbal_A_hand1_pool;whole_manuscript_statistics
f7r,f7,A,2,A,1,66,2,herbal_A_hand1_pool;whole_manuscript_statistics
f7v,f7,A,2,A,1,76,3,herbal_A_hand1_pool;stage29_A_panel;whole_manuscript_statistics
f8r,f8,A,1,A,1,133,3,herbal_A_hand1_pool;stage29_A_panel;whole_manuscript_statistics
f8v,f8,A,1,A,1,114,2,herbal_A_hand1_pool;whole_manuscript_statistics
f9r,f9,B,1,A,1,78,3,herbal_A_hand1_pool;stage29_A_panel;whole_manuscript_statistics
f9v,f9,B,1,A,1,83,2,herbal_A_hand1_pool;whole_manuscript_statistics
f10r,f10,B,2,A,1,88,4,herbal_A_hand1_pool;stage29_A_panel;stage30_34_A_transfer;whole_manuscript_statistics
f10v,f10,B,2,A,1,56,2,herbal_A_hand1_pool;whole_manuscript_statistics
f11r,f11,B,3,A,1,56,2,herbal_A_hand1_pool;whole_manuscript_statistics
f11v,f11,B,3,A,1,47,2,herbal_A_hand1_pool;whole_manuscript_statistics
f13r,f13,B,4,A,1,73,4,herbal_A_hand1_pool;stage29_A_panel;stage30_34_A_transfer;whole_manuscript_statistics
f13v,f13,B,4,A,1,66,2,herbal_A_hand1_pool;whole_manuscript_statistics
f14r,f14,B,3,A,1,74,4,herbal_A_hand1_pool;stage29_A_panel;stage30_34_A_transfer;whole_manuscript_statistics
f14v,f14,B,3,A,1,73,2,herbal_A_hand1_pool;whole_manuscript_statistics
f15r,f15,B,2,A,1,92,4,herbal_A_hand1_pool;stage29_A_panel;stage30_34_A_transfer;whole_manuscript_statistics
f15v,f15,B,2,A,1,67,2,herbal_A_hand1_pool;whole_manuscript_statistics
f16r,f16,B,1,A,1,79,4,herbal_A_hand1_pool;stage29_A_panel;stage30_34_A_transfer;whole_manuscript_statistics
f16v,f16,B,1,A,1,72,2,herbal_A_hand1_pool;whole_manuscript_statistics
f17r,f17,C,1,A,1,74,4,herbal_A_hand1_pool;stage29_A_panel;stage30_34_A_transfer;whole_manuscript_statistics
f17v,f17,C,1,A,1,130,2,herbal_A_hand1_pool;whole_manuscript_statistics
f18r,f18,C,2,A,1,77,4,herbal_A_hand1_pool;stage29_A_panel;stage30_34_A_transfer;whole_manuscript_statistics
f18v,f18,C,2,A,1,67,2,herbal_A_hand1_pool;whole_manuscript_statistics
f19r,f19,C,3,A,1,74,4,herbal_A_hand1_pool;stage29_A_panel;stage30_34_A_transfer;whole_manuscript_statistics
f19v,f19,C,3,A,1,70,2,herbal_A_hand1_pool;whole_manuscript_statistics
f20r,f20,C,4,A,1,86,2,herbal_A_hand1_pool;whole_manuscript_statistics
f20v,f20,C,4,A,1,81,2,herbal_A_hand1_pool;whole_manuscript_statistics
f21r,f21,C,4,A,1,103,2,herbal_A_hand1_pool;whole_manuscript_statistics
f21v,f21,C,4,A,1,58,2,herbal_A_hand1_pool;whole_manuscript_statistics
f22r,f22,C,3,A,1,105,2,herbal_A_hand1_pool;whole_manuscript_statistics
f22v,f22,C,3,A,1,72,2,herbal_A_hand1_pool;whole_manuscript_statistics
f23r,f23,C,2,A,1,104,2,herbal_A_hand1_pool;whole_manuscript_statistics
f23v,f23,C,2,A,1,92,2,herbal_A_hand1_pool;whole_manuscript_statistics
f24r,f24,C,1,A,1,104,2,herbal_A_hand1_pool;whole_manuscript_statistics
f24v,f24,C,1,A,1,77,2,herbal_A_hand1_pool;whole_manuscript_statistics
f25r,f25,D,1,A,1,42,2,herbal_A_hand1_pool;whole_manuscript_statistics
f25v,f25,D,1,A,1,57,2,herbal_A_hand1_pool;whole_manuscript_statistics
f26r,f26,D,2,B,2,88,4,currier_B_pool;page_search_fit;stage27_panel;stage28_development;stage29_B_panel;stage30_34_development;stage31_broad_training;whole_manuscript_statistics
f26v,f26,D,2,B,2,90,2,currier_B_pool;stage31_broad_training;whole_manuscript_statistics
f27r,f27,D,3,A,1,88,2,herbal_A_hand1_pool;whole_manuscript_statistics
f27v,f27,D,3,A,1,57,2,herbal_A_hand1_pool;whole_manuscript_statistics
f28r,f28,D,4,A,1,67,2,herbal_A_hand1_pool;whole_manuscript_statistics
f28v,f28,D,4,A,1,64,2,herbal_A_hand1_pool;whole_manuscript_statistics
f29r,f29,D,4,A,1,63,2,herbal_A_hand1_pool;whole_manuscript_statistics
f29v,f29,D,4,A,1,90,2,herbal_A_hand1_pool;whole_manuscript_statistics
f30r,f30,D,3,A,1,97,2,herbal_A_hand1_pool;whole_manuscript_statistics
f30v,f30,D,3,A,1,60,2,herbal_A_hand1_pool;whole_manuscript_statistics
f31r,f31,D,2,B,2,95,4,currier_B_pool;page_search_transfer;stage27_panel;stage28_development;stage29_B_panel;stage30_34_development;stage31_broad_training;whole_manuscript_statistics
f31v,f31,D,2,B,2,106,2,currier_B_pool;stage31_broad_training;whole_manuscript_statistics
f32r,f32,D,1,A,1,74,2,herbal_A_hand1_pool;whole_manuscript_statistics
f32v,f32,D,1,A,1,86,2,herbal_A_hand1_pool;whole_manuscript_statistics
f33r,f33,E,1,B,2,70,3,currier_B_pool;stage27_panel;stage28_development;stage29_B_panel;stage30_34_development;stage31_broad_training;whole_manuscript_statistics
f33v,f33,E,1,B,2,111,2,currier_B_pool;stage31_broad_training;whole_manuscript_statistics
f34r,f34,E,2,B,2,137,3,currier_B_pool;stage27_panel;stage28_development;stage29_B_panel;stage30_34_development;stage31_broad_training;whole_manuscript_statistics
f34v,f34,E,2,B,2,113,2,currier_B_pool;stage31_broad_training;whole_manuscript_statistics
f35r,f35,E,3,A,1,91,2,herbal_A_hand1_pool;whole_manuscript_statistics
f35v,f35,E,3,A,1,89,2,herbal_A_hand1_pool;whole_manuscript_statistics
f36r,f36,E,4,A,1,60,2,herbal_A_hand1_pool;whole_manuscript_statistics
f36v,f36,E,4,A,1,32,2,herbal_A_hand1_pool;whole_manuscript_statistics
f37r,f37,E,4,A,1,76,2,herbal_A_hand1_pool;whole_manuscript_statistics
f37v,f37,E,4,A,1,84,2,herbal_A_hand1_pool;whole_manuscript_statistics
f38r,f38,E,3,A,1,43,2,herbal_A_hand1_pool;whole_manuscript_statistics
f38v,f38,E,3,A,1,66,2,herbal_A_hand1_pool;whole_manuscript_statistics
f39r,f39,E,2,B,2,143,3,currier_B_pool;stage27_panel;stage28_development;stage29_B_panel;stage30_34_development;stage31_broad_training;whole_manuscript_statistics
f39v,f39,E,2,B,2,141,4,currier_B_pool;page_search_transfer;stage31_broad_training;whole_manuscript_statistics
f40r,f40,E,1,B,2,99,3,currier_B_pool;stage27_panel;stage28_development;stage29_B_panel;stage30_34_development;stage31_broad_training;whole_manuscript_statistics
f40v,f40,E,1,B,2,97,2,currier_B_pool;stage31_broad_training;whole_manuscript_statistics
f41r,f41,F,1,B,5,85,3,currier_B_pool;stage27_panel;stage28_development;stage29_B_panel;stage30_34_development;stage31_broad_training;whole_manuscript_statistics
f41v,f41,F,1,B,5,62,2,currier_B_pool;stage31_broad_training;whole_manuscript_statistics
f42r,f42,F,2,A,1,123,2,herbal_A_hand1_pool;whole_manuscript_statistics
f42v,f42,F,2,A,1,107,2,herbal_A_hand1_pool;whole_manuscript_statistics
f43r,f43,F,3,B,2,147,3,currier_B_pool;stage27_panel;stage28_development;stage29_B_panel;stage30_34_development;stage31_broad_training;whole_manuscript_statistics
f43v,f43,F,3,B,2,143,2,currier_B_pool;stage31_broad_training;whole_manuscript_statistics
f44r,f44,F,4,A,1,70,2,herbal_A_hand1_pool;whole_manuscript_statistics
f44v,f44,F,4,A,1,99,2,herbal_A_hand1_pool;whole_manuscript_statistics
f45r,f45,F,4,A,1,85,2,herbal_A_hand1_pool;whole_manuscript_statistics
f45v,f45,F,4,A,1,79,2,herbal_A_hand1_pool;whole_manuscript_statistics
f46r,f46,F,3,B,2,152,4,currier_B_pool;stage28_additional;stage29_B_panel;stage30_34_reserved_B;whole_manuscript_statistics
f46v,f46,F,3,B,2,79,2,currier_B_pool;whole_manuscript_statistics
f47r,f47,F,2,A,1,71,2,herbal_A_hand1_pool;whole_manuscript_statistics
f47v,f47,F,2,A,1,81,2,herbal_A_hand1_pool;whole_manuscript_statistics
f48r,f48,F,1,B,5,76,4,currier_B_pool;stage28_additional;stage29_B_panel;stage30_34_reserved_B;whole_manuscript_statistics
f48v,f48,F,1,B,5,127,2,currier_B_pool;whole_manuscript_statistics
f49r,f49,G,1,A,1,104,2,herbal_A_hand1_pool;whole_manuscript_statistics
f49v,f49,G,1,A,1,137,2,herbal_A_hand1_pool;whole_manuscript_statistics
f50r,f50,G,2,B,2,88,4,currier_B_pool;stage28_additional;stage29_B_panel;stage30_34_reserved_B;whole_manuscript_statistics
f50v,f50,G,2,B,2,94,2,currier_B_pool;whole_manuscript_statistics
f51r,f51,G,3,A,1,79,2,herbal_A_hand1_pool;whole_manuscript_statistics
f51v,f51,G,3,A,1,75,2,herbal_A_hand1_pool;whole_manuscript_statistics
f52r,f52,G,4,A,1,64,2,herbal_A_hand1_pool;whole_manuscript_statistics
f52v,f52,G,4,A,1,71,2,herbal_A_hand1_pool;whole_manuscript_statistics
f53r,f53,G,4,A,1,55,2,herbal_A_hand1_pool;whole_manuscript_statistics
f53v,f53,G,4,A,1,70,2,herbal_A_hand1_pool;whole_manuscript_statistics
f54r,f54,G,3,A,1,101,2,herbal_A_hand1_pool;whole_manuscript_statistics
f54v,f54,G,3,A,1,90,2,herbal_A_hand1_pool;whole_manuscript_statistics
f55r,f55,G,2,B,2,115,4,currier_B_pool;stage28_additional;stage29_B_panel;stage30_34_reserved_B;whole_manuscript_statistics
f55v,f55,G,2,B,2,97,2,currier_B_pool;whole_manuscript_statistics
f56r,f56,G,1,A,1,98,2,herbal_A_hand1_pool;whole_manuscript_statistics
f56v,f56,G,1,A,1,88,2,herbal_A_hand1_pool;whole_manuscript_statistics
f57r,f57,H,1,B,5,78,4,currier_B_pool;stage28_additional;stage29_B_panel;stage30_34_reserved_B;whole_manuscript_statistics
f65r,f65,H,2,,3,0,0,
f65v,f65,H,2,,3,39,1,whole_manuscript_statistics
f66v,f66,H,1,B,5,106,4,currier_B_pool;stage28_additional;stage29_B_panel;stage30_34_reserved_B;whole_manuscript_statistics
f87r,f87,O,1,A,1,97,2,herbal_A_hand1_pool;whole_manuscript_statistics
f87v,f87,O,1,A,1,88,2,herbal_A_hand1_pool;whole_manuscript_statistics
f90r1,f90,O,1,A,1,63,2,herbal_A_hand1_pool;whole_manuscript_statistics
f90r2,f90,O,1,A,1,46,2,herbal_A_hand1_pool;whole_manuscript_statistics
f90v2,f90,O,1,A,1,60,2,herbal_A_hand1_pool;whole_manuscript_statistics
f90v1,f90,O,1,A,1,89,2,herbal_A_hand1_pool;whole_manuscript_statistics
f93r,f93,Q,1,A,1,149,2,herbal_A_hand1_pool;whole_manuscript_statistics
f93v,f93,Q,1,A,1,84,2,herbal_A_hand1_pool;whole_manuscript_statistics
f94r,f94,Q,2,B,3,74,4,currier_B_pool;stage28_additional;stage29_B_panel;stage30_34_reserved_B;whole_manuscript_statistics
f94v,f94,Q,2,B,3,96,2,currier_B_pool;whole_manuscript_statistics
f95r1,f95,Q,2,B,3,101,4,currier_B_pool;stage28_additional;stage29_B_panel;stage30_34_reserved_B;whole_manuscript_statistics
f95r2,f95,Q,2,B,3,79,2,currier_B_pool;whole_manuscript_statistics
f95v2,f95,Q,2,B,3,59,2,currier_B_pool;whole_manuscript_statistics
f95v1,f95,Q,2,B,3,116,2,currier_B_pool;whole_manuscript_statistics
f96r,f96,Q,1,A,1,81,2,herbal_A_hand1_pool;whole_manuscript_statistics
f96v,f96,Q,1,A,1,53,2,herbal_A_hand1_pool;whole_manuscript_statistics
